{"regist_target_img_scalef": 0.11539349, "tissue_hires_scalef": 0.038464498, "tissue_lowres_scalef": 0.011539349, "fiducial_diameter_fullres": 383.4898215426842, "spot_diameter_fullres": 219.13704088153384}